https://bsky.app/profile/bostonglobe.com,
https://bsky.app/profile/chicagotribune.com,
https://bsky.app/profile/aljazeera.com,
http://bsky.app/profile/inquirer.com,
https://bsky.app/profile/inquirer.com,
https://bsky.app/profile/usatoday.com,
https://bsky.app/profile/theglobeandmail.com,
https://bsky.app/profile/itvnews.bsky.social,
https://bsky.app/profile/forbes.com,
https://bsky.app/profile/latimes.com,
https://bsky.app/profile/japantimes.co.jp,
https://bsky.app/profile/kyivindependent.com,
https://bsky.app/profile/huffpost.com,
https://bsky.app/profile/euronews.com,
https://bsky.app/profile/uk.theconversation.com,
https://bsky.app/profile/irishtimes.com,
https://bsky.app/profile/themoscowtimes.com,
https://bsky.app/profile/ajiunit.com,
https://bsky.app/profile/us.theguardian.com,
https://bsky.app/profile/kyivpost.com,
https://bsky.app/profile/thestar.com,