https://bsky.app/profile/cosmik.network,
https://bsky.app/profile/atproto.science,
https://bsky.app/profile/ammodoscience.bsky.social,
https://bsky.app/profile/ulresearchinst.bsky.social,
https://bsky.app/profile/nicolamlow.bsky.social,
https://bsky.app/profile/obialik.bsky.social,
https://bsky.app/profile/danudwary.secondarymetabolism.com,
https://bsky.app/profile/gregpriest.bsky.social,
https://bsky.app/profile/schafer.bsky.social,
https://bsky.app/profile/rauscherthomas.bsky.social,
https://bsky.app/profile/mitorandy.bsky.social,
https://bsky.app/profile/haidomyrmex.bsky.social,
https://bsky.app/profile/gigiomics.bsky.social,
https://bsky.app/profile/briecology.bsky.social,
https://bsky.app/profile/astratman.bsky.social,
https://bsky.app/profile/unevenaire.bsky.social,
https://bsky.app/profile/canda007.bsky.social,
https://bsky.app/profile/annikabarber.bsky.social,
https://bsky.app/profile/fritzlaylin.bsky.social,
https://bsky.app/profile/stephaniehicks.bsky.social,
https://bsky.app/profile/shaunmahony.bsky.social,
https://bsky.app/profile/angee.bsky.social,
https://bsky.app/profile/svenjalohmann.bsky.social,

